
-- phpMyAdmin SQL Dump
-- version 3.4.5
-- http://www.phpmyadmin.net
--
-- Host: localhost
-- Generation time: Sep 05, 2015 at 10:01 PM
-- Server version: 5.5.16
-- PHP Version: 5.3.8

SET SQL_MODE="NO_AUTO_VALUE_ON_ZERO";
SET time_zone = "+00:00";


/*!40101 SET @OLD_CHARACTER_SET_CLIENT=@@CHARACTER_SET_CLIENT */;
/*!40101 SET @OLD_CHARACTER_SET_RESULTS=@@CHARACTER_SET_RESULTS */;
/*!40101 SET @OLD_COLLATION_CONNECTION=@@COLLATION_CONNECTION */;
/*!40101 SET NAMES utf8 */;

-- --------------------------------------------------------


--
-- Dumping data for table `bbcode`
--

INSERT INTO `bbcode` (`bbcode_id`, `bbcode_hint`, `bbcode`, `bbcode_html`, `bbcode_show`, `attrib_func`) VALUES
(1, 'Insert URL', '[url={url}]{text}[/url]', '<a href="{url}">{text}</a>', 0, ''),
(2, 'Bold', '[b]{text}[/b]', '<b>{text}</b>', 1, ''),
(3, 'Italic', '[i]{text}[/i]', '<i>{text}</i>', 1, ''),
(4, 'Underline', '[u]{text}[/u]', '<u>{text}</u>', 1, ''),
(5, 'Strikeout', '[s]{text}[/s]', '<s>{text}</s>', 1, ''),
(6, 'Font', '[font={color}]{text}[/font]', '<font color="{color}">{text}</font>', 1, 'pickcolor'),
(7, 'Insert URL', '[url]{url}[/url]', '<a href="{url}">{url}</a>', 1, ''),
(8, 'Image', '[img]{url}[/img]', '<img src="{url}"></img>', 1, ''),
(9, 'YT', '[youtube]https://www.youtube.com/watch?v={text}[/youtube]', '<iframe width="420" height="315" src="//www.youtube.com/embed/{text}" frameborder="0" allowfullscreen></iframe>', 1, ''),
(10, 'math', '[math]{text}[/math]', '<img src="http://latex.codecogs.com/png.latex?{text}"></img>', 0, ''),
(11, 'attach', '[attach]{text}[/attach]', '<b>{text}</b>', 1, ''),
(12, 'h3', '[h3]{text}[/h3]', '<h3>{text}</h3>', 1, ''),
(13, 'font size', '[font={int}]{text2}[/font]', '<span style="font-size: {int}px;">{text2}</span>', 1, 'selectFontSize'),
(14, 'List', '[list]{text}[/list]', '<div class="list">{text}</div>', 1, ''),
(15, 'Quote', '[quote]{text}[/quote]', '<blockquote><b>Quote:</b><br><hr>{text}</blockquote>', 1, ''),
(16, 'Anchor', '[anchor={simple_text}]', '<h3 id="{simple_text}"></h3>', 1, ''),
(17, 'attach', '[attach]{text}[/attach]', '<b>{text}</b>', 0, ''),
(18, 'Quote', '[quote]{text}[/quote]', '<blockquote><b>Quote:</b><br><hr>{text}</blockquote>', 1, ''),
(19, 'Insert URL hash', '[url={hash}]{text}[/url]', '<a href="{hash}">{text}</a>', 0, ''),
(20, 'Insert URL hash simple', '[url]{hash}[/url]', '<a href="{hash}">{hash}</a>', 0, ''),
(21, 'Insert URL end simple', '[url]{urlend}[/url]', '<a href="{urlend}">{urlend}</a>', 0, ''),
(22, 'Insert URL end', '[url={urlend}]{text}[/url]', '<a href="{urlend}">{text}</a>', 0, '');

-- --------------------------------------------------------

--
-- Dumping data for table `forum`
--

INSERT INTO `forum` (`forum_id`, `parent_id`, `forum_name`, `description`, `forum_type`, `comments`, `display`, `display_order`, `forum_password`, `posts`, `topics`, `last_post_id`, `last_post_time`, `last_post_title`, `last_post_poster_id`, `last_post_poster_name`, `last_post_poster_color`) VALUES
(3, 0, 'comments', '', 1, 0, 0, 0, '', 6, 1, 44, 1440517547, '17', 38, '', '#CC0000'),
(23, 25, 'Sub-blog', '', 3, 0, 1, 0, '', 1, 1, 0, 0, '', 0, '', ''),
(25, 0, 'My blog', '', 3, 3, 1, 0, '', 11, 4, 43, 1440517505, 'Sample post', 38, 'kasutaja', '#CC0000');

-- --------------------------------------------------------

--
-- Dumping data for table `general`
--

INSERT INTO `general` (`setting`, `class`, `type`, `value`, `readonly`) VALUES
('allow_bbcode', 'general', 'bool', 0x31, 0),
('allow_download', 'attach', 'bool', 0x31, 0),
('allow_registraton', 'general', 'bool', 0x31, 0),
('allow_smiles', 'general', 'bool', 0x31, 0),
('allow_upload', 'attach', 'bool', 0x31, 0),
('footer_text', 'general', 'string', '{FOOTER}', 0),
('last_update', 'general', 'int', 0x30, 1),
('login_ban_length', 'security', 'int', 0x363030, 0),
('max_attachsize', 'attach', 'int', 0x313030, 0),
('max_attachsize_mult', 'attach', 'size', 0x31303438353736, 0),
('max_content_length', 'general', 'int', 0x313030303030, 0),
('max_hashtag_length', 'general', 'int', 0x313030, 0),
('max_image_size', 'general', 'int', 0x32303438, 0),
('max_login_attempts', 'security', 'int', 0x35, 0),
('max_registration_attempts', 'security', 'int', 0x35, 0),
('max_search_length', 'general', 'int', 0x31303030, 0),
('max_signature_len', 'general', 'int', 0x313030, 0),
('max_thumb_size', 'general', 'int', 0x323430, 0),
('max_title_length', 'general', 'int', 0x313030, 0),
('min_content_length', 'general', 'int', 0x32, 0),
('min_search_length', 'general', 'int', 0x33, 0),
('min_title_length', 'general', 'int', 0x33, 0),
('registration_ban_length', 'security', 'int', 0x36303030, 0),
('require_email_validation', 'security', 'bool', 0x31, 0),
('robot_ban_length', 'security', 'int', 0x32353932303030, 0),
('site_announcement', 'general', 'string', '', 0),
('site_desc', 'general', 'string', '{site_description}', 0),
('site_name', 'general', 'string', '{site_name}', 0),
('site_views', 'general', 'int', 0x30, 1),
('template', 'general', 'template', 0x6e6577, 0),
('time_format', 'general', 'string', 0x59204d206420483a693a73, 0),
('username_max_len', 'security', 'int', 0x3235, 0),
('username_min_len', 'security', 'int', 0x33, 0),
('user_pass_max_len', 'security', 'int', 0x3332, 0),
('user_pass_min_len', 'security', 'int', 0x38, 0),
('validate_browser', 'security', 'bool', 0x30, 0),
('validate_ip', 'security', 'bool', 0x31, 0),
('webmaster', 'general', 'string', '{SITemail}', 0),
('language', 'general', 'language', 'english', 0),
('ad_client', 'google', 'string', 'ca-pub-4401807183386757', 0),
('ad_slot', 'google', 'string', '6836209829', 0),
('tracking_id', 'google', 'string', 'UA-92533778-1', 0);

-- --------------------------------------------------------

--
-- Dumping data for table `group_permissions`
--

INSERT INTO `group_permissions` (`group_id`, `forum_id`, `permission_id`) VALUES
(1, 2, 29),
(1, 2, 30),
(1, 2, 31),
(1, 2, 32),
(1, 2, 33),
(1, 2, 34),
(1, 2, 35),
(1, 2, 36),
(1, 2, 37),
(1, 2, 38),
(1, 2, 39),
(1, 2, 40),
(1, 2, 41),
(1, 2, 42),
(1, 2, 43),
(1, 2, 44),
(1, 2, 45),
(1, 2, 46),
(1, 2, 47),
(1, 2, 48),
(1, 2, 49),
(1, 2, 50),
(1, 2, 51),
(3, 4, 29),
(3, 4, 30),
(3, 4, 31),
(3, 4, 32),
(3, 4, 33),
(3, 4, 34),
(3, 4, 35),
(3, 4, 36),
(3, 4, 37),
(3, 4, 38),
(3, 4, 39),
(3, 4, 40),
(3, 4, 41),
(3, 4, 42),
(3, 4, 43),
(3, 4, 44),
(3, 4, 45),
(3, 4, 46),
(3, 4, 47),
(3, 4, 48),
(3, 4, 49),
(3, 4, 50),
(3, 4, 51),
(3, 4, 60),
(3, 4, 61),
(3, 4, 62),
(3, 5, 29),
(3, 5, 30),
(3, 5, 31),
(3, 5, 32),
(3, 5, 33),
(3, 5, 34),
(3, 5, 35),
(3, 5, 36),
(3, 5, 37),
(3, 5, 38),
(3, 5, 39),
(3, 5, 40),
(3, 5, 41),
(3, 5, 42),
(3, 5, 43),
(3, 5, 44),
(3, 5, 45),
(3, 5, 46),
(3, 5, 47),
(3, 5, 48),
(3, 5, 49),
(3, 5, 50),
(3, 5, 51),
(3, 5, 60),
(3, 5, 61),
(3, 5, 62),
(3, 6, 29),
(3, 6, 30),
(3, 6, 31),
(3, 6, 32),
(3, 6, 33),
(3, 6, 34),
(3, 6, 35),
(3, 6, 36),
(3, 6, 37),
(3, 6, 38),
(3, 6, 39),
(3, 6, 40),
(3, 6, 41),
(3, 6, 42),
(3, 6, 43),
(3, 6, 44),
(3, 6, 45),
(3, 6, 46),
(3, 6, 47),
(3, 6, 48),
(3, 6, 49),
(3, 6, 50),
(3, 6, 51),
(3, 6, 60),
(3, 6, 61),
(3, 6, 62),
(3, 8, 29),
(3, 8, 30),
(3, 8, 31),
(3, 8, 32),
(3, 8, 33),
(3, 8, 34),
(3, 8, 35),
(3, 8, 36),
(3, 8, 37),
(3, 8, 38),
(3, 8, 39),
(3, 8, 40),
(3, 8, 41),
(3, 8, 42),
(3, 8, 43),
(3, 8, 44),
(3, 8, 45),
(3, 8, 46),
(3, 8, 47),
(3, 8, 48),
(3, 8, 49),
(3, 8, 50),
(3, 8, 51),
(3, 8, 60),
(3, 8, 61),
(3, 8, 62),
(3, 9, 29),
(3, 9, 30),
(3, 9, 31),
(3, 9, 32),
(3, 9, 33),
(3, 9, 34),
(3, 9, 35),
(3, 9, 36),
(3, 9, 37),
(3, 9, 38),
(3, 9, 39),
(3, 9, 40),
(3, 9, 41),
(3, 9, 42),
(3, 9, 43),
(3, 9, 44),
(3, 9, 45),
(3, 9, 46),
(3, 9, 47),
(3, 9, 48),
(3, 9, 49),
(3, 9, 50),
(3, 9, 51),
(3, 9, 60),
(3, 9, 61),
(3, 9, 62),
(3, 10, 29),
(3, 10, 30),
(3, 10, 31),
(3, 10, 32),
(3, 10, 33),
(3, 10, 34),
(3, 10, 35),
(3, 10, 36),
(3, 10, 37),
(3, 10, 38),
(3, 10, 39),
(3, 10, 40),
(3, 10, 41),
(3, 10, 42),
(3, 10, 43),
(3, 10, 44),
(3, 10, 45),
(3, 10, 46),
(3, 10, 47),
(3, 10, 48),
(3, 10, 49),
(3, 10, 50),
(3, 10, 51),
(3, 10, 60),
(3, 10, 61),
(3, 10, 62),
(3, 7, 38),
(3, 7, 43),
(3, 7, 50),
(3, 7, 60),
(3, 7, 61),
(4, 7, 38),
(4, 7, 43),
(4, 7, 44),
(4, 7, 50),
(4, 7, 60),
(4, 7, 61),
(1, 7, 29),
(1, 7, 30),
(1, 7, 31),
(1, 7, 32),
(1, 7, 33),
(1, 7, 34),
(1, 7, 35),
(1, 7, 36),
(1, 7, 37),
(1, 7, 38),
(1, 7, 39),
(1, 7, 40),
(1, 7, 41),
(1, 7, 42),
(1, 7, 43),
(1, 7, 44),
(1, 7, 45),
(1, 7, 46),
(1, 7, 47),
(1, 7, 48),
(1, 7, 49),
(1, 7, 50),
(1, 7, 51),
(1, 7, 60),
(1, 7, 61),
(1, 7, 62),
(2, 1, 29),
(2, 1, 30),
(2, 1, 31),
(2, 1, 32),
(2, 1, 33),
(2, 1, 34),
(2, 1, 35),
(2, 1, 36),
(2, 1, 37),
(2, 1, 38),
(2, 1, 39),
(2, 1, 40),
(2, 1, 41),
(2, 1, 42),
(2, 1, 43),
(2, 1, 44),
(2, 1, 45),
(2, 1, 46),
(2, 1, 47),
(2, 1, 48),
(2, 1, 49),
(2, 1, 50),
(2, 1, 51),
(2, 1, 60),
(2, 1, 61),
(2, 1, 62),
(2, 1, 63),
(4, 1, 38),
(4, 1, 43),
(4, 1, 50),
(4, 1, 60),
(4, 1, 61),
(6, 1, 43),
(3, 1, 38),
(3, 1, 43),
(3, 1, 50),
(3, 1, 60),
(3, 1, 61),
(6, 7, 38),
(6, 7, 43),
(4, 3, 35),
(4, 3, 37),
(4, 3, 38),
(4, 3, 43),
(3, 3, 10),
(3, 3, 29),
(3, 3, 30),
(3, 3, 31),
(3, 3, 32),
(3, 3, 33),
(3, 3, 34),
(3, 3, 35),
(3, 3, 36),
(3, 3, 37),
(3, 3, 38),
(3, 3, 39),
(3, 3, 40),
(3, 3, 41),
(3, 3, 42),
(3, 3, 43),
(3, 3, 44),
(3, 3, 45),
(3, 3, 46),
(3, 3, 47),
(3, 3, 48),
(3, 3, 49),
(3, 3, 50),
(3, 3, 51),
(3, 3, 60),
(3, 3, 61),
(3, 3, 62),
(2, 0, 10),
(2, 0, 11),
(2, 0, 12),
(2, 0, 13),
(2, 0, 14),
(2, 0, 15),
(2, 0, 16),
(2, 0, 17),
(2, 0, 18),
(2, 0, 19),
(2, 0, 63),
(2, 0, 69),
(2, 0, 71),
(2, 0, 73),
(2, 0, 74),
(1, 0, 1),
(1, 0, 2),
(1, 0, 3),
(1, 0, 4),
(1, 0, 5),
(1, 0, 6),
(1, 0, 7),
(1, 0, 8),
(1, 0, 9),
(1, 0, 52),
(1, 0, 57),
(1, 0, 58),
(1, 0, 59),
(1, 0, 66),
(1, 0, 70),
(1, 25, 29),
(1, 25, 30),
(1, 25, 31),
(1, 25, 32),
(1, 25, 33),
(1, 25, 34),
(1, 25, 35),
(1, 25, 36),
(1, 25, 37),
(1, 25, 38),
(1, 25, 39),
(1, 25, 40),
(1, 25, 41),
(1, 25, 42),
(1, 25, 43),
(1, 25, 44),
(1, 25, 45),
(1, 25, 46),
(1, 25, 47),
(1, 25, 48),
(1, 25, 49),
(1, 25, 50),
(1, 25, 51),
(1, 25, 60),
(1, 25, 61),
(1, 25, 62),
(3, 25, 29),
(3, 25, 30),
(3, 25, 31),
(3, 25, 32),
(3, 25, 33),
(3, 25, 34),
(3, 25, 35),
(3, 25, 36),
(3, 25, 37),
(3, 25, 38),
(3, 25, 39),
(3, 25, 40),
(3, 25, 41),
(3, 25, 42),
(3, 25, 43),
(3, 25, 44),
(3, 25, 45),
(3, 25, 46),
(3, 25, 47),
(3, 25, 48),
(3, 25, 49),
(3, 25, 50),
(3, 25, 51),
(3, 25, 60),
(3, 25, 61),
(3, 25, 62),
(4, 25, 38),
(4, 25, 43),
(4, 25, 50),
(4, 25, 60),
(4, 25, 61),
(6, 25, 38),
(6, 25, 43),
(3, 0, 1),
(3, 0, 3),
(3, 0, 4),
(3, 0, 5),
(3, 0, 6),
(3, 0, 7),
(3, 0, 8),
(3, 0, 9),
(3, 0, 58),
(3, 0, 59),
(3, 0, 66),
(3, 0, 70),
(3, 0, 10),
(3, 0, 29),
(3, 0, 30),
(3, 0, 31),
(3, 0, 32),
(3, 0, 33),
(3, 0, 34),
(3, 0, 35),
(3, 0, 36),
(3, 0, 37),
(3, 0, 38),
(3, 0, 39),
(3, 0, 40),
(3, 0, 41),
(3, 0, 42),
(3, 0, 43),
(3, 0, 44),
(3, 0, 45),
(3, 0, 46),
(3, 0, 47),
(3, 0, 48),
(3, 0, 49),
(3, 0, 50),
(3, 0, 51),
(3, 0, 60),
(3, 0, 61),
(3, 0, 62),
(4, 0, 1),
(4, 0, 3),
(4, 0, 35),
(4, 0, 37),
(4, 0, 38),
(4, 0, 43),
(6, 0, 3),
(1, 23, 29),
(1, 23, 30),
(1, 23, 31),
(1, 23, 32),
(1, 23, 33),
(1, 23, 34),
(1, 23, 35),
(1, 23, 36),
(1, 23, 37),
(1, 23, 38),
(1, 23, 39),
(1, 23, 40),
(1, 23, 41),
(1, 23, 42),
(1, 23, 43),
(1, 23, 44),
(1, 23, 45),
(1, 23, 46),
(1, 23, 47),
(1, 23, 48),
(1, 23, 49),
(1, 23, 50),
(1, 23, 51),
(1, 23, 60),
(1, 23, 61),
(1, 23, 62),
(1, 23, 72),
(3, 23, 30),
(3, 23, 31),
(3, 23, 32),
(3, 23, 33),
(3, 23, 34),
(3, 23, 35),
(3, 23, 36),
(3, 23, 37),
(3, 23, 38),
(3, 23, 39),
(3, 23, 42),
(3, 23, 43),
(3, 23, 44),
(3, 23, 45),
(3, 23, 46),
(3, 23, 47),
(3, 23, 48),
(3, 23, 49),
(3, 23, 50),
(3, 23, 51),
(3, 23, 60),
(3, 23, 61),
(3, 23, 62);

-- --------------------------------------------------------

--
-- Dumping data for table `groups`
--

INSERT INTO `groups` (`id`, `type`, `founder_manage`, `display_on_legend`, `rank`, `color`, `description`, `name`) VALUES
(1, 2, 1, 1, 1, '#CC0000', 'Site administrators', 'Administrators'),
(2, 2, 0, 1, 2, '#00CC00', 'Members of this group have authority to lock, move, edit or delete topics or posts and warn or (un)ban users', 'Global Moderators'),
(3, 2, 1, 1, 0, '', '', 'Registered users'),
(4, 2, 0, 0, 0, '#777777', '', 'Guests'),
(6, 2, 0, 0, 0, '#777777', 'Search engines', 'Bots');

-- --------------------------------------------------------

--
-- Dumping data for table `input`
--
INSERT INTO `input` (`id`, `name`, `method`, `type`) VALUES
(1, 'username', 'POST', 'string'),
(2, 'password', 'POST', 'string'),
(3, 'password_confirm', 'POST', 'string'),
(4, 'email', 'POST', 'email'),
(5, 'facebook', 'POST', 'email'),
(6, 'avatar', 'POST', 'image'),
(7, 'show_email', 'POST', 'check'),
(8, 'show_facebook', 'POST', 'check'),
(9, 'signature', 'POST', 'html'),
(10, 'warn', 'POST', 'int'),
(11, 'founder', 'POST', 'check'),
(12, 'rank', 'POST', 'int'),
(13, 'group', 'POST', 'int'),
(14, 'delete_account', 'POST', 'check'),
(15, 'posts', 'POST', 'string'),
(16, 'u', 'GET', 'string'),
(17, 'uid', 'GET', 'int'),
(18, 'bbcode_display', 'POST', 'check'),
(19, 'id', 'GET', 'int'),
(20, 'a', 'GET', 'string'),
(21, 'pid', 'GET', 'int'),
(22, 'mid', 'GET', 'int'),
(23, 'ma', 'GET', 'string'),
(24, 'module_name', 'GET', 'string'),
(25, 'parent_module', 'GET', 'int'),
(26, 'module_enabled', 'GET', 'int'),
(27, 'type', 'GET', 'int'),
(28, 'page', 'GET', 'int'),
(29, 'mode', 'GET', 'string'),
(30, 'merge_user', 'POST', 'check'),
(31, 'group_name', 'POST', 'string'),
(32, 'permissions', 'POST', 'string'),
(33, 'gid', 'POST', 'int'),
(34, 'name', 'POST', 'string'),
(35, 'description', 'POST', 'string'),
(36, 'type', 'POST', 'int'),
(37, 'color', 'POST', 'string'),
(38, 'display_on_legend', 'POST', 'check'),
(39, 'founder_manage', 'POST', 'check'),
(40, 'confirm', 'POST', 'string'),
(41, 'users', 'POST', 'string'),
(43, 'p', 'GET', 'int'),
(44, 't', 'GET', 'string'),
(45, 'user_password', 'POST', 'string'),
(46, 'Editor', 'POST', 'html'),
(47, 'title', 'POST', 'string'),
(48, 'f', 'GET', 'int'),
(49, 'form', 'GET', 'int'),
(50, 'points', 'POST', 'int'),
(51, 'verbal', 'POST', 'check'),
(52, 'reason', 'POST', 'string'),
(53, 'forum_name', 'POST', 'string'),
(54, 'allow_bbcode', 'POST', 'check'),
(55, 'allow_smiles', 'POST', 'check'),
(56, 'footer_text', 'POST', 'string'),
(57, 'max_signature_len', 'POST', 'int'),
(58, 'site_name', 'POST', 'string'),
(59, 'time_format', 'POST', 'string'),
(60, 'users_per_page', 'POST', 'int'),
(61, 'remember', 'POST', 'check'),
(62, 'anonymous', 'POST', 'check'),
(63, 'user_email', 'POST', 'email'),
(64, 'user_password_confirm', 'POST', 'string'),
(65, 'confirmation', 'POST', 'string'),
(66, 'agreement', 'POST', 'check'),
(67, 'report_msg', 'POST', 'string'),
(68, 'submit', 'POST', 'string'),
(69, 'file', 'POST', 'string'),
(70, 'uid', 'POST', 'int'),
(71, 'msg_to', 'POST', 'string'),
(72, 'msg_id', 'GET', 'int'),
(73, 'usernames', 'POST', 'string'),
(74, 'action', 'POST', 'string'),
(75, 'edit', 'GET', 'int'),
(76, 'bbcode_in', 'POST', 'html'),
(77, 'bbcode_out', 'POST', 'html'),
(78, 'bbcode_hint', 'POST', 'string'),
(79, 'save', 'GET', 'int'),
(80, 'pm', 'GET', 'int'),
(81, 'forum_type', 'POST', 'int'),
(82, 'parent_id', 'POST', 'int'),
(83, 'childs', 'POST', 'string'),
(84, 'forum_id', 'POST', 'int'),
(85, 'template', 'POST', 'string'),
(86, 'leader', 'POST', 'check'),
(87, 'fid', 'POST', 'int'),
(88, 'sid', 'POST', 'string'),
(89, 'allow_registraton', 'POST', 'check'),
(90, 'comment_id', 'POST', 'int'),
(91, 'display', 'POST', 'check'),
(92, 'site_desc', 'POST', 'string'),
(93, 'hashtags', 'POST', 'string'),
(94, 'search', 'POST', 'string'),
(95, 'q', 'GET', 'string'),
(96, 'max_image_size', 'POST', 'int'),
(97, 'max_thumb_size', 'POST', 'int'),
(98, 'orphaned_data', 'POST', 'string'),
(99, 'allow_download', 'POST', 'check'),
(100, 'allow_upload', 'POST', 'check'),
(101, 'max_attachsize', 'POST', 'int'),
(102, 'username_max_len', 'POST', 'int'),
(103, 'username_min_len', 'POST', 'int'),
(104, 'user_pass_max_len', 'POST', 'int'),
(105, 'user_pass_min_len', 'POST', 'int'),
(106, 'validate_browser', 'POST', 'check'),
(107, 'validate_ip', 'POST', 'check'),
(108, 'validate_referer', 'POST', 'check'),
(109, 'ip_address', 'POST', 'string'),
(110, 'end', 'POST', 'string'),
(111, 'reason_to_banned', 'POST', 'string'),
(112, 'ban_id', 'POST', 'int'),
(113, 'login_ban_length', 'POST', 'int'),
(114, 'max_login_attempts', 'POST', 'int'),
(115, 'website', 'POST', 'string'),
(116, 'cmp', 'POST', 'check'),
(117, 'max_registration_attempts', 'POST', 'int'),
(118, 'registration_ban_length', 'POST', 'int'),
(119, 'robot_ban_length', 'POST', 'int'),
(120, 'allowbb', 'POST', 'check'),
(121, 'min_title_length', 'POST', 'int'),
(122, 'max_title_length', 'POST', 'int'),
(123, 'min_content_length', 'POST', 'int'),
(124, 'max_content_length', 'POST', 'int'),
(125, 'max_hashtag_length', 'POST', 'int'),
(126, 'max_search_length', 'POST', 'int'),
(127, 'min_search_length', 'POST', 'int'),
(128, 'cover', 'POST', 'string'),
(129, 'cover_h_offset', 'POST', 'int'),
(130, 'about', 'POST', 'html'),
(131, 'g', 'GET', 'int'),
(132, 'groups', 'POST', 'string'),
(133, 'ajax', 'GET', 'int'),
(134, 'max_attachsize_mult', 'POST', 'int'),
(135, 'image', 'POST', 'string'),
(136, 'id', 'POST', 'int'),
(137, 'special', 'POST', 'int'),
(138, 'required_posts', 'POST', 'string'),
(139, 'Default', 'POST', 'int'),
(140, 'bbcode_attrib', 'POST', 'string'),
(141, 'order', 'POST', 'int'),
(142, 'permissions_id', 'POST', 'int'),
(143, 'active', 'POST', 'check'),
(144, 'require_email_validation', 'POST', 'check'),
(145, 'key', 'GET', 'string'),
(146, 'webmaster', 'POST', 'string'),
(147, 'forum_password', 'POST', 'string'),
(148, 'site_announcement', 'POST', 'html'),
(149, 'language', 'POST', 'string'),
(150, 'lock', 'POST', 'check'),
(151, 'google_fragment', 'POST', 'check'),
(152, 'ad_client', 'POST', 'string'),
(153, 'ad_slot', 'POST', 'string'),
(154, 'tracking_id', 'POST', 'string');
-- --------------------------------------------------------

--
-- Dumping data for table `modules`
--

INSERT INTO `modules` (`module_id`, `module_name`, `enabled`, `parent_id`, `type`, `class`) VALUES
(1, 'system', 1, 0, 0, 'acp'),
(2, 'manage_modules', 1, 1, 1, 'acp'),
(3, 'users_and_groups', 1, 0, 0, 'acp'),
(4, 'view_logs', 1, 1, 1, 'acp'),
(7, 'users_manage', 1, 3, 1, 'acp'),
(8, 'manage_permissions', 1, 3, 1, 'acp'),
(9, 'manage_groups', 1, 3, 1, 'acp'),
(10, 'forums', 1, 0, 0, 'acp'),
(11, 'group_forum_permissions', 1, 10, 1, 'acp'),
(12, 'general', 1, 0, 0, 'acp'),
(14, 'site_settings', 1, 12, 1, 'acp'),
(15, 'general', 1, 0, 0, 'ucp'),
(16, 'account_settings', 1, 15, 1, 'ucp'),
(17, 'posting', 1, 0, 0, 'ucp'),
(18, 'posting_settings', 1, 17, 1, 'ucp'),
(19, 'manage_drafts', 1, 17, 1, 'ucp'),
(20, 'posting', 1, 0, 0, 'acp'),
(21, 'bbcode', 1, 20, 1, 'acp'),
(23, 'post_info', 1, 22, 1, 'ucp'),
(24, 'post', 1, 0, 0, 'mcp'),
(25, 'post_info', 1, 24, 1, 'mcp'),
(26, 'warning', 1, 0, 0, 'mcp'),
(27, 'warn_user', 1, 26, 1, 'mcp'),
(28, 'warn_post', 1, 26, 1, 'mcp'),
(30, 'warn_list', 1, 26, 1, 'mcp'),
(31, 'private_messages', 1, 0, 0, 'ucp'),
(32, 'priv_msg', 1, 31, 1, 'ucp'),
(33, 'manage_forums', 1, 0, 1, 'acp'),
(34, 'manage_forums', 1, 10, 1, 'acp'),
(35, 'group_permissions', 0, 10, 1, 'acp'),
(36, 'sessions', 1, 15, 1, 'ucp'),
(37, 'manage_attachments', 1, 20, 1, 'acp'),
(38, 'attachment_settings', 1, 20, 1, 'acp'),
(39, 'manage_comments', 1, 24, 1, 'mcp'),
(40, 'security', 1, 1, 1, 'acp'),
(41, 'bans', 1, 0, 0, 'mcp'),
(42, 'manage_bans', 1, 41, 1, 'mcp'),
(43, 'reported_posts', 1, 24, 1, 'mcp'),
(46, 'groups', 1, 0, 0, 'ucp'),
(50, 'manage_groups', 1, 46, 1, 'ucp'),
(51, 'logs', 1, 0, 0, 'mcp'),
(52, 'view_logs', 1, 51, 1, 'mcp'),
(53, 'manage_ranks', 1, 3, 1, 'acp'),
(55, 'manage_attachments', 1, 15, 1, 'ucp'),
(56, 'reorder', 1, 24, 1, 'mcp'),
(57, 'approval', 1, 12, 1, 'acp'),
(58, 'google_settings', 1, 12, 1, 'acp');
(57, 'google_settings', 1, 12, 1, 'acp');

-- --------------------------------------------------------
--
-- Table structure for table `permissions`
--

DROP TABLE IF EXISTS `permissions`;
CREATE TABLE IF NOT EXISTS `permissions` (
  `permission_id` mediumint(8) unsigned NOT NULL AUTO_INCREMENT,
  `permission_class` varchar(60) COLLATE utf8_bin DEFAULT NULL,
  `name` varchar(100) COLLATE utf8_bin DEFAULT NULL,
  `founder` tinyint(1) unsigned DEFAULT NULL,
  PRIMARY KEY (`permission_id`)
) ENGINE=InnoDB  DEFAULT CHARSET=utf8 COLLATE=utf8_bin AUTO_INCREMENT=75 ;

--
-- Dumping data for table `permissions`
--

INSERT INTO `permissions` (`permission_id`, `permission_class`, `name`, `founder`) VALUES
(1, 'user', 'u_view_profiles', 0),
(2, 'user', 'u_ignore_flood', 0),
(3, 'user', 'u_download_files', 0),
(4, 'user', 'u_attach', 0),
(5, 'user', 'u_use_sig', 0),
(6, 'user', 'u_view_profile', 0),
(7, 'user', 'u_edit_own_profile', 0),
(8, 'user', 'u_can_use_avatar', 0),
(9, 'user', 'u_change_default_group', 0),
(10, 'moderator', 'm_approve_posts', 0),
(11, 'moderator', 'm_manage_bans', 0),
(12, 'moderator', 'm_move_posts', 0),
(13, 'moderator', 'm_change_post_author', 0),
(14, 'moderator', 'm_edit_posts', 0),
(15, 'moderator', 'm_delete_posts', 0),
(16, 'moderator', 'm_view_post_details', 0),
(17, 'moderator', 'm_lock_posts', 0),
(18, 'moderator', 'm_close_reports', 0),
(19, 'moderator', 'm_issue_warning', 0),
(20, 'administrator', 'a_group_permissions', 0),
(21, 'administrator', 'a_manage_bans', 0),
(22, 'administrator', 'a_define_bbcode', 0),
(23, 'administrator', 'a_manage_board_settings', 0),
(24, 'administrator', 'a_manage_groups', 0),
(25, 'administrator', 'a_manage_forums', 0),
(26, 'administrator', 'a_manage_users', 0),
(27, 'administrator', 'a_manage_styles', 0),
(28, 'administrator', 'a_manage_images', 0),
(29, 'forum', 'f_post_ann', 0),
(30, 'forum', 'f_post_bb', 0),
(31, 'forum', 'f_delete_own', 0),
(32, 'forum', 'f_edit_own', 0),
(33, 'forum', 'f_post_images', 0),
(34, 'forum', 'f_post_links', 0),
(35, 'forum', 'f_start_new', 0),
(36, 'forum', 'f_no_approval', 0),
(37, 'forum', 'f_can_reply', 0),
(38, 'forum', 'f_read_forum', 0),
(39, 'forum', 'f_use_sig', 0),
(40, 'forum', 'f_lock_own', 0),
(41, 'forum', 'f_post_sticky', 0),
(42, 'forum', 'f_can_report', 0),
(43, 'forum', 'f_can_view', 0),
(44, 'forum', 'f_can_attach', 0),
(45, 'forum', 'f_post_html', 0),
(46, 'forum', 'f_meta', 0),
(47, 'forum', 'f_post_poll', 0),
(48, 'forum', 'f_vote_poll', 0),
(49, 'forum', 'f_change_vote', 0),
(50, 'forum', 'f_can_download', 0),
(51, 'forum', 'f_can_rate_topics', 0),
(52, 'user', 'u_ignore_ban', 0),
(53, 'administrator', 'a_manage_ranks', 0),
(54, 'administrator', 'a_add_member', 0),
(55, 'administrator', 'a_group_forum_permissions', 0),
(56, 'administrator', 'a_manage_modules', 0),
(57, 'user', 'u_view_only', 0),
(58, 'user', 'u_recv_priv_msg', 0),
(59, 'user', 'u_send_priv_msg', 0),
(60, 'forum', 'f_share', 0),
(61, 'forum', 'f_like', 0),
(62, 'forum', 'f_mark_solved', 0),
(63, 'moderator', 'm_mark_solved', 0),
(64, 'administrator', 'a_manage_attachments', 0),
(65, 'administrator', 'a_manage_attachment_settings', 0),
(66, 'user', 'u_view_members', 0),
(67, 'administrator', 'a_manage_security_settings', 1),
(68, 'administrator', 'a_view_logs', 0),
(69, 'moderator', 'm_manage_comments', 0),
(70, 'user', 'u_manage_attachments', 0),
(71, 'moderator', 'm_view_logs', 0),
(72, 'forum', 'f_view_hidden', 0),
(73, 'moderator', 'm_hide_topic', 0),
(74, 'moderator', 'm_reorder', 0);

-- --------------------------------------------------------

--
-- Dumping data for table `post`
--

INSERT INTO `post` (`id`, `topic_id`, `forum_id`, `ip`, `time`, `reported`, `bbcode`, `username`, `user_id`, `edit_time`, `edit_user_id`, `edit_reason`, `edit_count`, `edit_locked`, `data`, `post_title`, `is_approved`, `hashtags`, `solved`, `display_order`) VALUES
(43, 17, 25, '::1', {time}, 0, 1, '{ADMINNAME}', 38, 0, 0, '', 0, 0, 0x48656c6c6f210d0a0d0a5468697320697320666972737420626c6f6720706f73742e20436865636b20636f6d6d656e74732073656374696f6e2062656c6f7720746f2073656520696620616e796f6e652068617320636f6d6d656e746564206f6e207468697320626c6f6720706f737421, 'Sample post', 1, '', 0, 0),
(44, 0, 3, '::1', {time}, 0, 0, '{ADMINNAME}', 38, 0, 0, '', 0, 0, 0x477265617420626c6f6721, '17', 1, '', 0, 0);

-- --------------------------------------------------------

--
-- Dumping data for table `ranks`
--

INSERT INTO `ranks` (`id`, `image`, `name`, `special`, `required_posts`) VALUES
(1, '', 'Site admin', 1, 0),
(2, '', 'Global moderator', 1, 0),
(3, '', 'Registered user', 1, 0);

-- --------------------------------------------------------

--
-- Dumping data for table `topic`
--

INSERT INTO `topic` (`topic_id`, `forum_id`, `time`, `Poster`, `Views`, `Replies`, `type`, `title`, `last_post_time`, `last_post_id`, `first_post_id`, `is_approved`, `locked`, `solved`, `hidden`, `display_order`, `poster_name`, `poster_color`, `last_poster`, `last_poster_name`, `last_poster_color`) VALUES
(17, 25, {time}, 38, 33, 0, 0, 'Sample post', {time}, 43, 43, 1, 0, 0, 0, 0, 'kasutaja', '#CC0000', 38, 'kasutaja', '#CC0000');

-- --------------------------------------------------------

--
-- Dumping data for table `user_groups`
--

INSERT INTO `user_groups` (`user_id`, `user_group_id`, `user_status`) VALUES
(1, 4, 1),
(39, 3, 0),
(41, 3, 1),
(42, 3, 1),
(43, 3, 1),
(44, 3, 1),
(45, 3, 1),
(46, 3, 1),
(47, 3, 1),
(48, 3, 1),
(49, 3, 1),
(50, 3, 1),
(51, 3, 1),
(8, 6, 1),
(2, 6, 1),
(22, 6, 1),
(3, 6, 1),
(37, 6, 1),
(55, 3, 1),
(45, 6, 1),
(55, 6, 1),
(56, 3, 1),
(57, 3, 1),
(58, 3, 1),
(38, 1, 1),
(38, 2, 1),
(38, 3, 1),
(4, 6, 1),
(5, 6, 1),
(6, 6, 1),
(7, 6, 1),
(9, 6, 1),
(10, 6, 1),
(11, 6, 1),
(12, 6, 1),
(13, 6, 1),
(14, 6, 1),
(15, 6, 1),
(16, 6, 1),
(17, 6, 1),
(18, 6, 1),
(19, 6, 1),
(20, 6, 1),
(28, 6, 1),
(21, 6, 1),
(23, 6, 1),
(24, 6, 1),
(25, 6, 1),
(26, 6, 1),
(27, 6, 1),
(29, 6, 1),
(30, 6, 1),
(31, 6, 1),
(32, 6, 1),
(33, 6, 1),
(34, 6, 1),
(35, 6, 1),
(36, 6, 1),
(52, 6, 1);

-- --------------------------------------------------------

--
-- Dumping data for table `users`
--

INSERT INTO `users` (`user_id`, `username`, `user_password`, `salt`, `user_email`, `user_facebook`, `user_avatar`, `user_join_date`, `user_post_count`, `user_default_group`, `user_show_facebook`, `user_show_mail`, `user_warn`, `user_founder`, `user_rank`, `user_signature`, `user_color`, `cover`, `about`, `cover_h_offset`, `last_active`, `active`) VALUES
(0, 'system', '', '', '', '', '', 1318617171, 0, 4, 0, 0, 0, 0, 0, '', '#99999', '', '', 0, 1376575164, 1),
(1, 'guest ', '', '', '', '', '', 1318617171, 6, 4, 0, 0, 0, 0, 0, '', '#99999', '', '', 0, 1441482815, 1),
(2, 'Exabot', '', '', '', '', '', 0, 0, 1, 0, 0, 0, 0, 0, '', '', '', '', 0, 1376575164, 1),
(3, 'Googlebot', '', '', '', '', '', 0, 0, 6, 0, 0, 0, 0, 0, '', '', '', '', 0, 1376575164, 1),
(4, 'Yahoo', '', '', '', '', '', 0, 0, 6, 0, 0, 0, 0, 0, '', '', '', '', 0, 1376575164, 1),
(5, 'msnbot', '', '', '', '', '', 0, 0, 6, 0, 0, 0, 0, 0, '', '', '', '', 0, 1376575164, 1),
(6, 'setooz', '', '', '', '', '', 0, 0, 5, 0, 0, 0, 0, 0, '', '', '', '', 0, 1376575164, 1),
(7, 'DotBot', '', '', '', '', '', 0, 0, 6, 0, 0, 0, 0, 0, '', '', '', '', 0, 1376575164, 1),
(8, 'Cityreview', '', '', '', '', '', 0, 0, 6, 0, 0, 0, 0, 0, '', '', '', '', 0, 1376575164, 1),
(9, 'SurveyBot', '', '', '', '', '', 0, 0, 6, 0, 0, 0, 0, 0, '', '', '', '', 0, 1376575164, 1),
(10, 'Twiceler', '', '', '', '', '', 0, 0, 6, 0, 0, 0, 0, 0, '', '', '', '', 0, 1376575164, 1),
(11, 'AddMe', '', '', '', '', '', 0, 0, 6, 0, 0, 0, 0, 0, '', '', '', '', 0, 1376575164, 1),
(12, 'AppEngine-Google', '', '', '', '', '', 0, 0, 6, 0, 0, 0, 0, 0, '', '', '', '', 0, 1376575164, 1),
(13, 'Baiduspider', '', '', '', '', '', 0, 0, 6, 0, 0, 0, 0, 0, '', '', '', '', 0, 1376575164, 1),
(14, 'CatchBot', '', '', '', '', '', 0, 0, 6, 0, 0, 0, 0, 0, '', '', '', '', 0, 1376575164, 1),
(15, 'Comodo-Certificates-Spider', '', '', '', '', '', 0, 0, 6, 0, 0, 0, 0, 0, '', '', '', '', 0, 1376575164, 1),
(16, 'Content Crawler', '', '', '', '', '', 0, 0, 6, 0, 0, 0, 0, 0, '', '', '', '', 0, 1376575164, 1),
(17, 'DLE_Spider.exe', '', '', '', '', '', 0, 0, 6, 0, 0, 0, 0, 0, '', '', '', '', 0, 1376575164, 1),
(18, 'EC2LinkFinder', '', '', '', '', '', 0, 0, 6, 0, 0, 0, 0, 0, '', '', '', '', 0, 1376575164, 1),
(19, 'findfiles.net', '', '', '', '', '', 0, 0, 6, 0, 0, 0, 0, 0, '', '', '', '', 0, 1376575164, 1),
(20, 'findlinks', '', '', '', '', '', 0, 0, 6, 0, 0, 0, 0, 0, '', '', '', '', 0, 1376575164, 1),
(21, 'gold crawler', '', '', '', '', '', 0, 0, 6, 0, 0, 0, 0, 0, '', '', '', '', 0, 1376575164, 1),
(22, 'GSLFbot', '', '', '', '', '', 0, 0, 6, 0, 0, 0, 0, 0, '', '', '', '', 0, 1376575164, 1),
(23, 'ia_archiver', '', '', '', '', '', 0, 0, 6, 0, 0, 0, 0, 0, '', '', '', '', 0, 1376575164, 1),
(24, 'Jyxobot', '', '', '', '', '', 0, 0, 6, 0, 0, 0, 0, 0, '', '', '', '', 0, 1376575164, 1),
(25, 'libwww-perl', '', '', '', '', '', 0, 0, 6, 0, 0, 0, 0, 0, '', '', '', '', 0, 1376575164, 1),
(26, 'Mail.Ru', '', '', '', '', '', 0, 0, 6, 0, 0, 0, 0, 0, '', '', '', '', 0, 1376575164, 1),
(27, 'bingbot', '', '', '', '', '', 0, 0, 6, 0, 0, 0, 0, 0, '', '', '', '', 0, 1376575164, 1),
(28, 'DotBot', '', '', '', '', '', 0, 0, 6, 0, 0, 0, 0, 0, '', '', '', '', 0, 1376575164, 1),
(29, 'MJ12bot', '', '', '', '', '', 0, 0, 6, 0, 0, 0, 0, 0, '', '', '', '', 0, 1376575164, 1),
(30, 'NerdByNature', '', '', '', '', '', 0, 0, 6, 0, 0, 0, 0, 0, '', '', '', '', 0, 1376575164, 1),
(31, 'ScoutJet', '', '', '', '', '', 0, 0, 6, 0, 0, 0, 0, 0, '', '', '', '', 0, 1376575164, 1),
(32, 'SISTRIX', '', '', '', '', '', 0, 0, 6, 0, 0, 0, 0, 0, '', '', '', '', 0, 1376575164, 1),
(33, 'WBSearchBot', '', '', '', '', '', 0, 0, 6, 0, 0, 0, 0, 0, '', '', '', '', 0, 1376575164, 1),
(34, 'YandexBot', '', '', '', '', '', 0, 0, 6, 0, 0, 0, 0, 0, '', '', '', '', 0, 1376575164, 1),
(35, 'YandexFavicon', '', '', '', '', '', 0, 0, 6, 0, 0, 0, 0, 0, '', '', '', '', 0, 1376575164, 1),
(36, 'TwengaBot', '', '', '', '', '', 0, 0, 6, 0, 0, 0, 0, 0, '', '', '', '', 0, 1376575164, 1),
(37, 'Google', '', '', '', '', '', 0, 0, 6, 0, 0, 10, 0, 0, '', '', '', '', 0, 1376575164, 1),
(38, '{ADMINNAME}', '{ADMINPASS}', '{ADMINSALT}', '{ADMINMAIL}', '', '', {time}, 2, 1, 0, 0, 0, 1, 0, '', '#CC0000', '', 0x54686973206973206d79207369746521, 0, {time}, 1),
(52, 'UnknownSearchEngine', '', '', '', '', '', 0, 0, 6, 0, 0, 0, 0, 0, '', '', '', '', 0, 1376575164, 1);

-- --------------------------------------------------------


/*!40101 SET CHARACTER_SET_CLIENT=@OLD_CHARACTER_SET_CLIENT */;
/*!40101 SET CHARACTER_SET_RESULTS=@OLD_CHARACTER_SET_RESULTS */;
/*!40101 SET COLLATION_CONNECTION=@OLD_COLLATION_CONNECTION */;
